Variable,N,Mean,Std. Dev.,Min,Pctl. 25,Pctl. 75,Max
TFIDF_approach,4000,0.003,0.011,0,0,0,0.289
TFIDF_design,4000,0.007,0.018,0,0,0.006,0.229
TFIDF_web,4000,0.005,0.015,0,0,0,0.215
TFIDF_site,4000,0.007,0.021,0,0,0,0.264
TFIDF_run,4000,0.001,0.008,0,0,0,0.15
TFIDF_mobil,4000,0.003,0.015,0,0,0,0.214
TFIDF_browser,4000,0.002,0.012,0,0,0,0.244
TFIDF_target,4000,0.001,0.009,0,0,0,0.25
TFIDF_base,4000,0.002,0.009,0,0,0,0.146
TFIDF_delet,4000,0.001,0.012,0,0,0,0.443
TFIDF_question,4000,0.004,0.011,0,0,0,0.14
TFIDF_move,4000,0.001,0.008,0,0,0,0.17
TFIDF_appli,4000,0.001,0.009,0,0,0,0.215
TFIDF_fix,4000,0.001,0.007,0,0,0,0.193
TFIDF_caus,4000,0.001,0.005,0,0,0,0.111
TFIDF_perform,4000,0.001,0.007,0,0,0,0.143
TFIDF_hard,4000,0.001,0.007,0,0,0,0.128
TFIDF_result,4000,0.003,0.014,0,0,0,0.26
TFIDF_initi,4000,0.001,0.007,0,0,0,0.155
TFIDF_load,4000,0.001,0.01,0,0,0,0.217
TFIDF_progress,4000,0.001,0.012,0,0,0,0.265
TFIDF_edit,4000,0.003,0.014,0,0,0,0.247
TFIDF_below,4000,0.002,0.009,0,0,0,0.227
TFIDF_exampl,4000,0.005,0.013,0,0,0,0.153
TFIDF_usag,4000,0.001,0.009,0,0,0,0.318
TFIDF_look,4000,0.005,0.013,0,0,0,0.155
TFIDF_valid,4000,0.001,0.01,0,0,0,0.255
TFIDF_try,4000,0.002,0.008,0,0,0,0.103
TFIDF_us,4000,0.004,0.012,0,0,0,0.136
TFIDF_issu,4000,0.001,0.007,0,0,0,0.109
TFIDF_file,4000,0.002,0.014,0,0,0,0.306
TFIDF_manag,4000,0.002,0.009,0,0,0,0.175
TFIDF_user,4000,0.011,0.014,0,0,0.018,0.158
TFIDF_chang,4000,0.003,0.011,0,0,0,0.145
TFIDF_text,4000,0.004,0.017,0,0,0,0.212
TFIDF_program,4000,0.001,0.01,0,0,0,0.19
TFIDF_current,4000,0.003,0.008,0,0,0,0.086
TFIDF_dropdown,4000,0.001,0.011,0,0,0,0.266
TFIDF_control,4000,0.003,0.014,0,0,0,0.233
TFIDF_color,4000,0.003,0.019,0,0,0,0.45
TFIDF_white,4000,0.001,0.006,0,0,0,0.149
TFIDF_provid,4000,0.002,0.009,0,0,0,0.168
TFIDF_option,4000,0.004,0.014,0,0,0,0.212
TFIDF_custom,4000,0.002,0.012,0,0,0,0.213
TFIDF_font,4000,0.002,0.02,0,0,0,0.509
TFIDF_complic,4000,0,0.005,0,0,0,0.136
TFIDF_tri,4000,0.001,0.007,0,0,0,0.253
TFIDF_applic,4000,0.006,0.016,0,0,0,0.176
TFIDF_havent,4000,0.001,0.006,0,0,0,0.087
TFIDF_countri,4000,0.001,0.01,0,0,0,0.218
TFIDF_list,4000,0.005,0.017,0,0,0,0.323
TFIDF_top,4000,0.003,0.011,0,0,0,0.171
TFIDF_normal,4000,0.001,0.008,0,0,0,0.162
TFIDF_read,4000,0.003,0.012,0,0,0,0.165
TFIDF_reason,4000,0.002,0.012,0,0,0,0.332
TFIDF_easier,4000,0.001,0.008,0,0,0,0.167
TFIDF_pick,4000,0.001,0.009,0,0,0,0.35
TFIDF_instead,4000,0.001,0.007,0,0,0,0.184
TFIDF_scroll,4000,0.002,0.014,0,0,0,0.222
TFIDF_consid,4000,0.002,0.009,0,0,0,0.169
TFIDF_featur,4000,0.002,0.01,0,0,0,0.205
TFIDF_stop,4000,0,0.005,0,0,0,0.124
TFIDF_shop,4000,0.001,0.01,0,0,0,0.322
TFIDF_drop,4000,0.001,0.011,0,0,0,0.266
TFIDF_intuit,4000,0.001,0.01,0,0,0,0.271
TFIDF_person,4000,0.002,0.01,0,0,0,0.18
TFIDF_dont,4000,0.004,0.01,0,0,0,0.108
TFIDF_inform,4000,0.003,0.011,0,0,0,0.242
TFIDF_form,4000,0.005,0.018,0,0,0,0.262
TFIDF_decid,4000,0.001,0.008,0,0,0,0.177
TFIDF_field,4000,0.004,0.019,0,0,0,0.354
TFIDF_plu,4000,0,0.004,0,0,0,0.118
TFIDF_cancel,4000,0.001,0.013,0,0,0,0.349
TFIDF_suggest,4000,0.003,0.012,0,0,0,0.212
TFIDF_action,4000,0.003,0.014,0,0,0,0.196
TFIDF_fill,4000,0.001,0.009,0,0,0,0.152
TFIDF_button,4000,0.007,0.021,0,0,0,0.39
TFIDF_appropri,4000,0.001,0.01,0,0,0,0.276
TFIDF_accept,4000,0.001,0.008,0,0,0,0.158
TFIDF_mayb,4000,0.001,0.006,0,0,0,0.103
TFIDF_feel,4000,0.002,0.009,0,0,0,0.135
TFIDF_usabl,4000,0.004,0.017,0,0,0,0.276
TFIDF_time,4000,0.004,0.012,0,0,0,0.213
TFIDF_found,4000,0.002,0.008,0,0,0,0.122
TFIDF_topic,4000,0.001,0.013,0,0,0,0.434
TFIDF_map,4000,0.002,0.015,0,0,0,0.369
TFIDF_solv,4000,0.001,0.005,0,0,0,0.106
TFIDF_share,4000,0.002,0.015,0,0,0,0.559
TFIDF_increas,4000,0.001,0.007,0,0,0,0.163
TFIDF_search,4000,0.004,0.021,0,0,0,0.435
TFIDF_common,4000,0.002,0.011,0,0,0,0.344
TFIDF_start,4000,0.002,0.011,0,0,0,0.167
TFIDF_ad,4000,0.002,0.007,0,0,0,0.11
TFIDF_tag,4000,0.002,0.018,0,0,0,0.384
TFIDF_categori,4000,0.002,0.014,0,0,0,0.308
TFIDF_filter,4000,0.002,0.013,0,0,0,0.22
TFIDF_visual,4000,0.002,0.01,0,0,0,0.212
TFIDF_collect,4000,0.001,0.006,0,0,0,0.184
TFIDF_addit,4000,0.001,0.01,0,0,0,0.368
TFIDF_primari,4000,0.001,0.01,0,0,0,0.222
TFIDF_term,4000,0.002,0.011,0,0,0,0.22
TFIDF_associ,4000,0.001,0.006,0,0,0,0.109
TFIDF_littl,4000,0.001,0.008,0,0,0,0.177
TFIDF_consist,4000,0.001,0.007,0,0,0,0.149
TFIDF_come,4000,0.001,0.007,0,0,0,0.147
TFIDF_place,4000,0.001,0.008,0,0,0,0.21
TFIDF_comment,4000,0.002,0.019,0,0,0,0.588
TFIDF_default,4000,0.002,0.012,0,0,0,0.233
TFIDF_probabl,4000,0.001,0.007,0,0,0,0.152
TFIDF_fit,4000,0.001,0.007,0,0,0,0.107
TFIDF_store,4000,0.001,0.007,0,0,0,0.178
TFIDF_your,4000,0.001,0.009,0,0,0,0.373
TFIDF_request,4000,0.001,0.008,0,0,0,0.202
TFIDF_app,4000,0.004,0.016,0,0,0,0.42
TFIDF_cant,4000,0.002,0.009,0,0,0,0.134
TFIDF_struggl,4000,0,0.004,0,0,0,0.068
TFIDF_abil,4000,0.001,0.005,0,0,0,0.109
TFIDF_password,4000,0.002,0.016,0,0,0,0.31
TFIDF_whatev,4000,0,0.004,0,0,0,0.089
TFIDF_easili,4000,0.001,0.006,0,0,0,0.123
TFIDF_email,4000,0.003,0.018,0,0,0,0.431
TFIDF_assum,4000,0.001,0.008,0,0,0,0.255
TFIDF_physic,4000,0,0.006,0,0,0,0.223
TFIDF_access,4000,0.001,0.009,0,0,0,0.246
TFIDF_secur,4000,0.001,0.006,0,0,0,0.181
TFIDF_total,4000,0.001,0.005,0,0,0,0.115
TFIDF_websit,4000,0.005,0.016,0,0,0,0.267
TFIDF_page,4000,0.007,0.019,0,0,0,0.217
TFIDF_content,4000,0.003,0.014,0,0,0,0.167
TFIDF_principl,4000,0.001,0.008,0,0,0,0.25
TFIDF_guid,4000,0.001,0.008,0,0,0,0.243
TFIDF_decis,4000,0.001,0.006,0,0,0,0.106
TFIDF_situat,4000,0.001,0.006,0,0,0,0.09
TFIDF_stai,4000,0,0.005,0,0,0,0.133
TFIDF_main,4000,0.002,0.009,0,0,0,0.157
TFIDF_remain,4000,0.001,0.005,0,0,0,0.134
TFIDF_posit,4000,0.001,0.009,0,0,0,0.18
TFIDF_rel,4000,0.001,0.007,0,0,0,0.246
TFIDF_hold,4000,0,0.005,0,0,0,0.138
TFIDF_mous,4000,0.001,0.009,0,0,0,0.191
TFIDF_bar,4000,0.003,0.014,0,0,0,0.352
TFIDF_major,4000,0.001,0.006,0,0,0,0.148
TFIDF_expect,4000,0.001,0.009,0,0,0,0.382
TFIDF_width,4000,0.001,0.008,0,0,0,0.176
TFIDF_middl,4000,0,0.005,0,0,0,0.16
TFIDF_view,4000,0.003,0.013,0,0,0,0.213
TFIDF_brows,4000,0.001,0.007,0,0,0,0.205
TFIDF_nice,4000,0.001,0.007,0,0,0,0.145
TFIDF_requir,4000,0.003,0.011,0,0,0,0.155
TFIDF_entir,4000,0.001,0.005,0,0,0,0.124
TFIDF_left,4000,0.002,0.011,0,0,0,0.201
TFIDF_hand,4000,0.001,0.008,0,0,0,0.258
TFIDF_header,4000,0.002,0.015,0,0,0,0.406
TFIDF_reduc,4000,0.001,0.007,0,0,0,0.294
TFIDF_vertic,4000,0.001,0.011,0,0,0,0.263
TFIDF_height,4000,0,0.005,0,0,0,0.142
TFIDF_insid,4000,0.001,0.007,0,0,0,0.124
TFIDF_differ,4000,0.001,0.01,0,0,0,0.222
TFIDF_compani,4000,0.002,0.011,0,0,0,0.263
TFIDF_googl,4000,0.002,0.013,0,0,0,0.266
TFIDF_code,4000,0.002,0.01,0,0,0,0.215
TFIDF_dynam,4000,0.001,0.006,0,0,0,0.163
TFIDF_gener,4000,0.001,0.008,0,0,0,0.166
TFIDF_appreci,4000,0.001,0.006,0,0,0,0.08
TFIDF_help,4000,0.003,0.012,0,0,0,0.349
TFIDF_especi,4000,0.001,0.007,0,0,0,0.115
TFIDF_data,4000,0.004,0.014,0,0,0,0.146
TFIDF_studi,4000,0.002,0.013,0,0,0,0.249
TFIDF_solut,4000,0.002,0.01,0,0,0,0.186
TFIDF_research,4000,0.002,0.011,0,0,0,0.289
TFIDF_sign,4000,0.002,0.016,0,0,0,0.554
TFIDF_recommend,4000,0.002,0.014,0,0,0,0.38
TFIDF_imag,4000,0.003,0.015,0,0,0,0.295
TFIDF_standard,4000,0.002,0.012,0,0,0,0.187
TFIDF_lot,4000,0.002,0.009,0,0,0,0.186
TFIDF_test,4000,0.003,0.017,0,0,0,0.356
TFIDF_do,4000,0.001,0.009,0,0,0,0.209
TFIDF_pictur,4000,0.001,0.009,0,0,0,0.24
TFIDF_disabl,4000,0.001,0.01,0,0,0,0.273
TFIDF_specif,4000,0.002,0.011,0,0,0,0.281
TFIDF_ill,4000,0.001,0.005,0,0,0,0.115
TFIDF_didnt,4000,0.001,0.005,0,0,0,0.085
TFIDF_html,4000,0.001,0.011,0,0,0,0.269
TFIDF_iv,4000,0.004,0.011,0,0,0,0.195
TFIDF_includ,4000,0.002,0.009,0,0,0,0.272
TFIDF_real,4000,0.001,0.007,0,0,0,0.175
TFIDF_size,4000,0.002,0.013,0,0,0,0.47
TFIDF_version,4000,0.002,0.012,0,0,0,0.256
TFIDF_item,4000,0.004,0.019,0,0,0,0.263
TFIDF_complet,4000,0.002,0.01,0,0,0,0.267
TFIDF_moment,4000,0.001,0.006,0,0,0,0.143
TFIDF_click,4000,0.004,0.012,0,0,0,0.161
TFIDF_trigger,4000,0,0.005,0,0,0,0.129
TFIDF_call,4000,0.002,0.015,0,0,0,0.664
TFIDF_hover,4000,0.001,0.01,0,0,0,0.253
TFIDF_realiz,4000,0.001,0.006,0,0,0,0.161
TFIDF_link,4000,0.004,0.017,0,0,0,0.273
TFIDF_note,4000,0.001,0.008,0,0,0,0.165
TFIDF_bit,4000,0.001,0.007,0,0,0,0.114
TFIDF_origin,4000,0.001,0.007,0,0,0,0.168
TFIDF_possibli,4000,0.001,0.005,0,0,0,0.148
TFIDF_icon,4000,0.004,0.021,0,0,0,0.297
TFIDF_method,4000,0.002,0.011,0,0,0,0.212
TFIDF_mean,4000,0.002,0.009,0,0,0,0.118
TFIDF_interfac,4000,0.004,0.018,0,0,0,0.302
TFIDF_check,4000,0.001,0.011,0,0,0,0.354
TFIDF_flow,4000,0.001,0.006,0,0,0,0.141
TFIDF_wonder,4000,0.003,0.012,0,0,0,0.221
TFIDF_instanc,4000,0.001,0.007,0,0,0,0.186
TFIDF_regard,4000,0.001,0.006,0,0,0,0.115
TFIDF_process,4000,0.002,0.01,0,0,0,0.142
TFIDF_peopl,4000,0.004,0.014,0,0,0,0.203
TFIDF_agre,4000,0.001,0.007,0,0,0,0.23
TFIDF_prefer,4000,0.002,0.01,0,0,0,0.157
TFIDF_tip,4000,0.001,0.009,0,0,0,0.182
TFIDF_element,4000,0.002,0.014,0,0,0,0.255
TFIDF_redirect,4000,0,0.006,0,0,0,0.181
TFIDF_separ,4000,0.001,0.007,0,0,0,0.128
TFIDF_internet,4000,0.001,0.006,0,0,0,0.196
TFIDF_follow,4000,0.002,0.01,0,0,0,0.298
TFIDF_make,4000,0.002,0.008,0,0,0,0.192
TFIDF_book,4000,0.002,0.014,0,0,0,0.311
TFIDF_blog,4000,0.001,0.011,0,0,0,0.241
TFIDF_seen,4000,0.002,0.009,0,0,0,0.129
TFIDF_there,4000,0.001,0.011,0,0,0,0.547
TFIDF_resourc,4000,0.001,0.01,0,0,0,0.169
TFIDF_market,4000,0.001,0.009,0,0,0,0.346
TFIDF_etc,4000,0.002,0.009,0,0,0,0.121
TFIDF_registr,4000,0.001,0.01,0,0,0,0.325
TFIDF_idea,4000,0.003,0.011,0,0,0,0.191
TFIDF_subject,4000,0.001,0.007,0,0,0,0.246
TFIDF_experi,4000,0.004,0.013,0,0,0,0.252
TFIDF_actual,4000,0.002,0.008,0,0,0,0.134
TFIDF_answer,4000,0.002,0.011,0,0,0,0.175
TFIDF_pleas,4000,0.002,0.009,0,0,0,0.167
TFIDF_build,4000,0.002,0.01,0,0,0,0.185
TFIDF_window,4000,0.003,0.017,0,0,0,0.222
TFIDF_variou,4000,0.001,0.006,0,0,0,0.105
TFIDF_error,4000,0.002,0.012,0,0,0,0.233
TFIDF_fairli,4000,0.001,0.006,0,0,0,0.164
TFIDF_annoi,4000,0.001,0.006,0,0,0,0.152
TFIDF_stack,4000,0.001,0.006,0,0,0,0.134
TFIDF_what,4000,0.002,0.011,0,0,0,0.243
TFIDF_wrong,4000,0.001,0.006,0,0,0,0.121
TFIDF_happen,4000,0.001,0.007,0,0,0,0.132
TFIDF_pattern,4000,0.002,0.013,0,0,0,0.268
TFIDF_multipl,4000,0.002,0.009,0,0,0,0.186
TFIDF_messag,4000,0.003,0.015,0,0,0,0.22
TFIDF_implement,4000,0.002,0.009,0,0,0,0.125
TFIDF_depend,4000,0.001,0.008,0,0,0,0.2
TFIDF_set,4000,0.003,0.011,0,0,0,0.16
TFIDF_displai,4000,0.004,0.013,0,0,0,0.183
TFIDF_input,4000,0.002,0.012,0,0,0,0.213
TFIDF_previou,4000,0.001,0.008,0,0,0,0.191
TFIDF_support,4000,0.001,0.009,0,0,0,0.213
TFIDF_hide,4000,0.001,0.009,0,0,0,0.197
TFIDF_stuff,4000,0.001,0.006,0,0,0,0.133
TFIDF_menu,4000,0.004,0.019,0,0,0,0.345
TFIDF_navig,4000,0.003,0.014,0,0,0,0.182
TFIDF_screen,4000,0.003,0.013,0,0,0,0.142
TFIDF_type,4000,0.003,0.011,0,0,0,0.176
TFIDF_keyboard,4000,0.002,0.013,0,0,0,0.215
TFIDF_focu,4000,0.001,0.008,0,0,0,0.268
TFIDF_choic,4000,0.002,0.011,0,0,0,0.212
TFIDF_usual,4000,0.002,0.009,0,0,0,0.178
TFIDF_project,4000,0.002,0.013,0,0,0,0.212
TFIDF_suppos,4000,0.001,0.008,0,0,0,0.287
TFIDF_system,4000,0.002,0.011,0,0,0,0.14
TFIDF_track,4000,0.001,0.007,0,0,0,0.148
TFIDF_hierarchi,4000,0.001,0.007,0,0,0,0.17
TFIDF_defin,4000,0.001,0.007,0,0,0,0.124
TFIDF_believ,4000,0.001,0.007,0,0,0,0.13
TFIDF_think,4000,0.002,0.008,0,0,0,0.101
TFIDF_object,4000,0.001,0.011,0,0,0,0.301
TFIDF_perspect,4000,0.001,0.006,0,0,0,0.124
TFIDF_tree,4000,0.001,0.012,0,0,0,0.321
TFIDF_select,4000,0.004,0.015,0,0,0,0.238
TFIDF_exist,4000,0.002,0.009,0,0,0,0.132
TFIDF_creat,4000,0.003,0.011,0,0,0,0.129
TFIDF_copi,4000,0.001,0.007,0,0,0,0.205
TFIDF_onlin,4000,0.001,0.008,0,0,0,0.153
TFIDF_date,4000,0.002,0.015,0,0,0,0.284
TFIDF_servic,4000,0.002,0.011,0,0,0,0.297
TFIDF_task,4000,0.002,0.011,0,0,0,0.242
TFIDF_account,4000,0.002,0.012,0,0,0,0.211
TFIDF_interact,4000,0.002,0.011,0,0,0,0.197
TFIDF_databas,4000,0.001,0.006,0,0,0,0.224
TFIDF_enabl,4000,0.001,0.01,0,0,0,0.363
TFIDF_notic,4000,0.001,0.008,0,0,0,0.18
TFIDF_altern,4000,0.001,0.01,0,0,0,0.28
TFIDF_weve,4000,0.001,0.006,0,0,0,0.151
TFIDF_log,4000,0.001,0.013,0,0,0,0.318
TFIDF_immedi,4000,0.001,0.006,0,0,0,0.145
TFIDF_tabl,4000,0.002,0.014,0,0,0,0.229
TFIDF_row,4000,0.002,0.014,0,0,0,0.219
TFIDF_contain,4000,0.002,0.008,0,0,0,0.133
TFIDF_name,4000,0.003,0.017,0,0,0,0.28
TFIDF_indic,4000,0.002,0.011,0,0,0,0.175
TFIDF_piec,4000,0.001,0.005,0,0,0,0.102
TFIDF_add,4000,0.002,0.011,0,0,0,0.227
TFIDF_abl,4000,0.002,0.009,0,0,0,0.21
TFIDF_quickli,4000,0.001,0.006,0,0,0,0.165
TFIDF_determin,4000,0.001,0.007,0,0,0,0.184
TFIDF_updat,4000,0.002,0.01,0,0,0,0.151
TFIDF_word,4000,0.002,0.012,0,0,0,0.276
TFIDF_appear,4000,0.002,0.008,0,0,0,0.222
TFIDF_red,4000,0.001,0.011,0,0,0,0.267
TFIDF_green,4000,0.001,0.006,0,0,0,0.123
TFIDF_bad,4000,0.002,0.01,0,0,0,0.283
TFIDF_space,4000,0.002,0.012,0,0,0,0.24
TFIDF_context,4000,0.001,0.008,0,0,0,0.142
TFIDF_practic,4000,0.003,0.012,0,0,0,0.228
TFIDF_concern,4000,0.001,0.006,0,0,0,0.131
TFIDF_guidelin,4000,0.002,0.012,0,0,0,0.331
TFIDF_function,4000,0.002,0.01,0,0,0,0.143
TFIDF_allow,4000,0.003,0.011,0,0,0,0.148
TFIDF_languag,4000,0.002,0.017,0,0,0,0.328
TFIDF_screenshot,4000,0.001,0.008,0,0,0,0.197
TFIDF_desktop,4000,0.002,0.012,0,0,0,0.344
TFIDF_english,4000,0.001,0.008,0,0,0,0.158
TFIDF_charact,4000,0.001,0.017,0,0,0,0.906
TFIDF_hope,4000,0,0.005,0,0,0,0.124
TFIDF_con,4000,0.001,0.005,0,0,0,0.114
TFIDF_free,4000,0.001,0.01,0,0,0,0.392
TFIDF_record,4000,0.001,0.014,0,0,0,0.481
TFIDF_limit,4000,0.001,0.008,0,0,0,0.142
TFIDF_audienc,4000,0.001,0.007,0,0,0,0.207
TFIDF_technic,4000,0.001,0.007,0,0,0,0.187
TFIDF_wide,4000,0.001,0.005,0,0,0,0.111
TFIDF_connect,4000,0.001,0.011,0,0,0,0.366
TFIDF_articl,4000,0.002,0.012,0,0,0,0.215
TFIDF_tend,4000,0.001,0.005,0,0,0,0.111
TFIDF_softwar,4000,0.002,0.014,0,0,0,0.361
TFIDF_deal,4000,0.001,0.008,0,0,0,0.271
TFIDF_effect,4000,0.002,0.01,0,0,0,0.144
TFIDF_wont,4000,0.001,0.005,0,0,0,0.086
TFIDF_busi,4000,0.001,0.008,0,0,0,0.153
TFIDF_theyr,4000,0.001,0.006,0,0,0,0.099
TFIDF_purpos,4000,0.001,0.005,0,0,0,0.136
TFIDF_mark,4000,0.001,0.009,0,0,0,0.269
TFIDF_tell,4000,0.001,0.011,0,0,0,0.419
TFIDF_unless,4000,0,0.005,0,0,0,0.131
TFIDF_due,4000,0,0.004,0,0,0,0.074
TFIDF_format,4000,0.001,0.011,0,0,0,0.237
TFIDF_wouldnt,4000,0.001,0.005,0,0,0,0.094
TFIDF_sens,4000,0.001,0.008,0,0,0,0.149
TFIDF_doesnt,4000,0.002,0.008,0,0,0,0.146
TFIDF_matter,4000,0.001,0.007,0,0,0,0.171
TFIDF_client,4000,0.002,0.012,0,0,0,0.177
TFIDF_refer,4000,0.001,0.009,0,0,0,0.183
TFIDF_handl,4000,0.001,0.007,0,0,0,0.103
TFIDF_entri,4000,0.001,0.009,0,0,0,0.209
TFIDF_goe,4000,0.001,0.005,0,0,0,0.094
TFIDF_simpli,4000,0.001,0.008,0,0,0,0.256
TFIDF_that,4000,0.001,0.007,0,0,0,0.145
TFIDF_guess,4000,0.001,0.007,0,0,0,0.288
TFIDF_post,4000,0.002,0.014,0,0,0,0.254
TFIDF_detail,4000,0.001,0.009,0,0,0,0.199
TFIDF_rule,4000,0.001,0.009,0,0,0,0.219
TFIDF_own,4000,0.001,0.007,0,0,0,0.138
TFIDF_pretti,4000,0.001,0.007,0,0,0,0.108
TFIDF_job,4000,0.001,0.011,0,0,0,0.258
TFIDF_develop,4000,0.003,0.013,0,0,0,0.237
TFIDF_vari,4000,0,0.005,0,0,0,0.143
TFIDF_product,4000,0.003,0.014,0,0,0,0.188
TFIDF_level,4000,0.002,0.011,0,0,0,0.208
TFIDF_layout,4000,0.002,0.013,0,0,0,0.234
TFIDF_basic,4000,0.002,0.009,0,0,0,0.173
TFIDF_gui,4000,0.002,0.013,0,0,0,0.329
TFIDF_easi,4000,0.001,0.008,0,0,0,0.283
TFIDF_talk,4000,0.001,0.009,0,0,0,0.166
TFIDF_tab,4000,0.003,0.02,0,0,0,0.426
TFIDF_isnt,4000,0.001,0.007,0,0,0,0.129
TFIDF_exactli,4000,0.001,0.008,0,0,0,0.296
TFIDF_hidden,4000,0.001,0.006,0,0,0,0.117
TFIDF_advanc,4000,0,0.006,0,0,0,0.229
TFIDF_anywai,4000,0,0.005,0,0,0,0.137
TFIDF_touch,4000,0.001,0.011,0,0,0,0.227
TFIDF_configur,4000,0.001,0.009,0,0,0,0.318
TFIDF_drag,4000,0.001,0.009,0,0,0,0.205
TFIDF_empti,4000,0.001,0.009,0,0,0,0.285
TFIDF_column,4000,0.003,0.018,0,0,0,0.533
TFIDF_line,4000,0.002,0.01,0,0,0,0.273
TFIDF_duplic,4000,0.002,0.014,0,0,0,0.268
TFIDF_box,4000,0.003,0.013,0,0,0,0.191
TFIDF_horizont,4000,0.001,0.012,0,0,0,0.23
TFIDF_coupl,4000,0.001,0.005,0,0,0,0.136
TFIDF_dai,4000,0.002,0.011,0,0,0,0.212
TFIDF_modal,4000,0.001,0.01,0,0,0,0.262
TFIDF_obvious,4000,0.001,0.005,0,0,0,0.125
TFIDF_rememb,4000,0.001,0.007,0,0,0,0.184
TFIDF_plai,4000,0.001,0.009,0,0,0,0.203
TFIDF_singl,4000,0.002,0.009,0,0,0,0.204
TFIDF_toggl,4000,0.001,0.009,0,0,0,0.26
TFIDF_press,4000,0.001,0.007,0,0,0,0.154
TFIDF_video,4000,0.002,0.016,0,0,0,0.323
TFIDF_argument,4000,0.001,0.009,0,0,0,0.471
TFIDF_oper,4000,0.001,0.009,0,0,0,0.217
TFIDF_iphon,4000,0.002,0.016,0,0,0,0.375
TFIDF_close,4000,0.002,0.011,0,0,0,0.245
TFIDF_scenario,4000,0.001,0.007,0,0,0,0.156
TFIDF_advantag,4000,0.001,0.006,0,0,0,0.211
TFIDF_social,4000,0.001,0.013,0,0,0,0.364
TFIDF_ideal,4000,0.001,0.007,0,0,0,0.172
TFIDF_pro,4000,0.001,0.006,0,0,0,0.112
TFIDF_combin,4000,0.001,0.006,0,0,0,0.151
TFIDF_widget,4000,0.001,0.015,0,0,0,0.395
TFIDF_avail,4000,0.002,0.009,0,0,0,0.196
TFIDF_benefit,4000,0.001,0.007,0,0,0,0.175
TFIDF_minim,4000,0.001,0.007,0,0,0,0.167
TFIDF_activ,4000,0.001,0.012,0,0,0,0.298
TFIDF_short,4000,0.001,0.007,0,0,0,0.184
TFIDF_prevent,4000,0.001,0.006,0,0,0,0.165
TFIDF_enter,4000,0.002,0.012,0,0,0,0.249
TFIDF_structur,4000,0.001,0.01,0,0,0,0.279
TFIDF_phone,4000,0.002,0.013,0,0,0,0.235
TFIDF_event,4000,0.001,0.011,0,0,0,0.346
TFIDF_reach,4000,0,0.005,0,0,0,0.124
TFIDF_draw,4000,0.001,0.009,0,0,0,0.276
TFIDF_involv,4000,0.001,0.005,0,0,0,0.154
TFIDF_amount,4000,0.001,0.008,0,0,0,0.15
TFIDF_troubl,4000,0,0.005,0,0,0,0.156
TFIDF_maintain,4000,0,0.004,0,0,0,0.111
TFIDF_choos,4000,0.002,0.008,0,0,0,0.116
TFIDF_tooltip,4000,0.001,0.01,0,0,0,0.356
TFIDF_label,4000,0.002,0.015,0,0,0,0.355
TFIDF_commun,4000,0.001,0.008,0,0,0,0.195
TFIDF_info,4000,0.001,0.007,0,0,0,0.226
TFIDF_lead,4000,0.001,0.008,0,0,0,0.231
TFIDF_background,4000,0.001,0.01,0,0,0,0.265
TFIDF_android,4000,0.002,0.014,0,0,0,0.248
TFIDF_pop,4000,0.001,0.008,0,0,0,0.238
TFIDF_sort,4000,0.002,0.012,0,0,0,0.203
TFIDF_typic,4000,0.001,0.006,0,0,0,0.138
TFIDF_awar,4000,0.001,0.007,0,0,0,0.207
TFIDF_bring,4000,0,0.005,0,0,0,0.153
TFIDF_replac,4000,0.001,0.007,0,0,0,0.253
TFIDF_consider,4000,0,0.005,0,0,0,0.165
TFIDF_arent,4000,0.001,0.005,0,0,0,0.124
TFIDF_mention,4000,0.001,0.007,0,0,0,0.157
TFIDF_manual,4000,0,0.004,0,0,0,0.094
TFIDF_mode,4000,0.001,0.009,0,0,0,0.218
TFIDF_particular,4000,0.001,0.008,0,0,0,0.188
TFIDF_push,4000,0,0.005,0,0,0,0.122
TFIDF_final,4000,0.001,0.006,0,0,0,0.126
TFIDF_imagin,4000,0.001,0.005,0,0,0,0.089
TFIDF_plan,4000,0.001,0.008,0,0,0,0.268
TFIDF_rate,4000,0.001,0.014,0,0,0,0.464
TFIDF_introduc,4000,0,0.005,0,0,0,0.12
TFIDF_advic,4000,0.001,0.007,0,0,0,0.142
TFIDF_measur,4000,0.001,0.008,0,0,0,0.228
TFIDF_affect,4000,0.001,0.008,0,0,0,0.307
TFIDF_report,4000,0.001,0.012,0,0,0,0.287
TFIDF_regist,4000,0.001,0.01,0,0,0,0.216
TFIDF_document,4000,0.002,0.016,0,0,0,0.382
TFIDF_save,4000,0.002,0.014,0,0,0,0.328
TFIDF_step,4000,0.002,0.016,0,0,0,0.441
TFIDF_improv,4000,0.001,0.01,0,0,0,0.285
TFIDF_understand,4000,0.001,0.008,0,0,0,0.12
TFIDF_leav,4000,0.001,0.006,0,0,0,0.084
TFIDF_shown,4000,0.001,0.008,0,0,0,0.168
TFIDF_discuss,4000,0.001,0.009,0,0,0,0.255
TFIDF_familiar,4000,0.001,0.005,0,0,0,0.11
TFIDF_figur,4000,0.001,0.007,0,0,0,0.172
TFIDF_quick,4000,0.001,0.006,0,0,0,0.16
TFIDF_titl,4000,0.002,0.018,0,0,0,0.758
TFIDF_convent,4000,0.001,0.011,0,0,0,0.455
TFIDF_confus,4000,0.002,0.007,0,0,0,0.094
TFIDF_direct,4000,0.001,0.008,0,0,0,0.204
TFIDF_begin,4000,0,0.005,0,0,0,0.131
TFIDF_ye,4000,0.001,0.006,0,0,0,0.137
TFIDF_write,4000,0.001,0.009,0,0,0,0.226
TFIDF_take,4000,0.001,0.007,0,0,0,0.144
TFIDF_profil,4000,0.001,0.01,0,0,0,0.195
TFIDF_pai,4000,0,0.005,0,0,0,0.148
TFIDF_payment,4000,0,0.008,0,0,0,0.227
TFIDF_attach,4000,0,0.006,0,0,0,0.177
TFIDF_split,4000,0.001,0.006,0,0,0,0.129
TFIDF_url,4000,0.001,0.013,0,0,0,0.319
TFIDF_login,4000,0.001,0.012,0,0,0,0.226
TFIDF_similar,4000,0.002,0.008,0,0,0,0.109
TFIDF_complex,4000,0.001,0.007,0,0,0,0.189
TFIDF_aspect,4000,0,0.005,0,0,0,0.123
TFIDF_offer,4000,0.001,0.008,0,0,0,0.156
TFIDF_descript,4000,0.001,0.007,0,0,0,0.155
TFIDF_popup,4000,0.001,0.01,0,0,0,0.223
TFIDF_clutter,4000,0.001,0.007,0,0,0,0.234
TFIDF_optim,4000,0.001,0.006,0,0,0,0.151
TFIDF_obviou,4000,0.001,0.008,0,0,0,0.145
TFIDF_engin,4000,0.001,0.007,0,0,0,0.174
TFIDF_feedback,4000,0.002,0.011,0,0,0,0.234
TFIDF_send,4000,0.001,0.007,0,0,0,0.128
TFIDF_contact,4000,0.001,0.008,0,0,0,0.212
TFIDF_except,4000,0.001,0.006,0,0,0,0.191
TFIDF_learn,4000,0.001,0.01,0,0,0,0.377
TFIDF_world,4000,0.001,0.007,0,0,0,0.139
TFIDF_special,4000,0,0.007,0,0,0,0.275
TFIDF_somehow,4000,0,0.004,0,0,0,0.099
TFIDF_relat,4000,0.001,0.007,0,0,0,0.171
TFIDF_symbol,4000,0.001,0.013,0,0,0,0.36
TFIDF_clickabl,4000,0.001,0.009,0,0,0,0.32
TFIDF_cours,4000,0.001,0.007,0,0,0,0.143
TFIDF_keep,4000,0,0.006,0,0,0,0.283
TFIDF_mind,4000,0.001,0.01,0,0,0,0.259
TFIDF_queri,4000,0.001,0.007,0,0,0,0.166
TFIDF_simpl,4000,0.002,0.009,0,0,0,0.184
TFIDF_continu,4000,0.001,0.006,0,0,0,0.138
TFIDF_prompt,4000,0,0.005,0,0,0,0.117
TFIDF_tool,4000,0.002,0.016,0,0,0,0.368
TFIDF_checkbox,4000,0.002,0.013,0,0,0,0.257
TFIDF_possibl,4000,0.001,0.005,0,0,0,0.111
TFIDF_extra,4000,0.001,0.006,0,0,0,0.135
TFIDF_head,4000,0.001,0.008,0,0,0,0.236
TFIDF_directli,4000,0.001,0.005,0,0,0,0.091
TFIDF_dialog,4000,0.002,0.013,0,0,0,0.295
TFIDF_corner,4000,0.001,0.008,0,0,0,0.215
TFIDF_bottom,4000,0.001,0.009,0,0,0,0.177
TFIDF_outsid,4000,0,0.004,0,0,0,0.074
TFIDF_kei,4000,0.001,0.01,0,0,0,0.182
TFIDF_valu,4000,0.002,0.013,0,0,0,0.332
TFIDF_recent,4000,0.001,0.006,0,0,0,0.107
TFIDF_ey,4000,0.001,0.008,0,0,0,0.204
TFIDF_mockup,4000,0.001,0.01,0,0,0,0.36
TFIDF_highlight,4000,0.001,0.01,0,0,0,0.378
TFIDF_dashboard,4000,0.001,0.011,0,0,0,0.304
TFIDF_finish,4000,0,0.006,0,0,0,0.28
TFIDF_logo,4000,0.001,0.011,0,0,0,0.244
TFIDF_behavior,4000,0.001,0.007,0,0,0,0.109
TFIDF_platform,4000,0.001,0.008,0,0,0,0.204
TFIDF_twitter,4000,0.001,0.009,0,0,0,0.28
TFIDF_facebook,4000,0.002,0.019,0,0,0,0.824
TFIDF_curiou,4000,0.001,0.008,0,0,0,0.205
TFIDF_locat,4000,0.002,0.012,0,0,0,0.3
TFIDF_live,4000,0.001,0.007,0,0,0,0.202
TFIDF_devic,4000,0.002,0.011,0,0,0,0.253
TFIDF_submit,4000,0.001,0.01,0,0,0,0.275
TFIDF_worri,4000,0,0.005,0,0,0,0.101
TFIDF_rest,4000,0.001,0.005,0,0,0,0.139
TFIDF_individu,4000,0.001,0.006,0,0,0,0.117
TFIDF_see,4000,0.001,0.006,0,0,0,0.111
TFIDF_expand,4000,0.001,0.007,0,0,0,0.246
TFIDF_respons,4000,0.001,0.008,0,0,0,0.207
TFIDF_thank,4000,0.001,0.007,0,0,0,0.373
TFIDF_upload,4000,0.001,0.012,0,0,0,0.375
TFIDF_built,4000,0.001,0.005,0,0,0,0.1
TFIDF_break,4000,0.001,0.006,0,0,0,0.116
TFIDF_sourc,4000,0.002,0.009,0,0,0,0.204
TFIDF_model,4000,0.001,0.01,0,0,0,0.333
TFIDF_io,4000,0.001,0.015,0,0,0,0.794
TFIDF_graphic,4000,0.001,0.011,0,0,0,0.368
TFIDF_specifi,4000,0.001,0.006,0,0,0,0.175
TFIDF_repres,4000,0.002,0.01,0,0,0,0.229
TFIDF_intend,4000,0,0.004,0,0,0,0.093
TFIDF_past,4000,0.001,0.007,0,0,0,0.17
TFIDF_remov,4000,0.001,0.008,0,0,0,0.152
TFIDF_opinion,4000,0.001,0.008,0,0,0,0.123
TFIDF_appl,4000,0.001,0.011,0,0,0,0.305
TFIDF_front,4000,0.001,0.008,0,0,0,0.309
TFIDF_game,4000,0.001,0.014,0,0,0,0.329
TFIDF_hear,4000,0.001,0.007,0,0,0,0.203
TFIDF_here,4000,0.001,0.006,0,0,0,0.118
TFIDF_get,4000,0.001,0.006,0,0,0,0.163
TFIDF_wait,4000,0.001,0.008,0,0,0,0.204
TFIDF_team,4000,0.001,0.011,0,0,0,0.429
TFIDF_organ,4000,0.001,0.008,0,0,0,0.177
TFIDF_ignor,4000,0,0.004,0,0,0,0.095
TFIDF_success,4000,0.001,0.008,0,0,0,0.233
TFIDF_notif,4000,0.001,0.013,0,0,0,0.353
TFIDF_difficult,4000,0.001,0.006,0,0,0,0.115
TFIDF_besid,4000,0,0.006,0,0,0,0.142
TFIDF_photo,4000,0.001,0.01,0,0,0,0.3
TFIDF_anim,4000,0.001,0.012,0,0,0,0.327
TFIDF_workflow,4000,0,0.004,0,0,0,0.091
TFIDF_admin,4000,0,0.007,0,0,0,0.241
TFIDF_face,4000,0,0.005,0,0,0,0.195
TFIDF_redesign,4000,0.001,0.008,0,0,0,0.174
TFIDF_download,4000,0.001,0.009,0,0,0,0.179
TFIDF_futur,4000,0.001,0.006,0,0,0,0.265
TFIDF_regular,4000,0,0.006,0,0,0,0.249
TFIDF_convers,4000,0.001,0.007,0,0,0,0.144
TFIDF_brand,4000,0.001,0.007,0,0,0,0.146
TFIDF_colour,4000,0.001,0.01,0,0,0,0.301
TFIDF_overal,4000,0,0.006,0,0,0,0.182
TFIDF_style,4000,0.002,0.011,0,0,0,0.272
TFIDF_frustrat,4000,0,0.004,0,0,0,0.132
TFIDF_address,4000,0.002,0.013,0,0,0,0.217
TFIDF_via,4000,0.001,0.006,0,0,0,0.171
TFIDF_switch,4000,0.001,0.009,0,0,0,0.161
TFIDF_third,4000,0,0.004,0,0,0,0.106
TFIDF_panel,4000,0.001,0.011,0,0,0,0.379
TFIDF_visibl,4000,0.001,0.007,0,0,0,0.292
TFIDF_logic,4000,0.001,0.006,0,0,0,0.222
TFIDF_potenti,4000,0.001,0.006,0,0,0,0.092
TFIDF_themselv,4000,0,0.004,0,0,0,0.132
TFIDF_toward,4000,0,0.005,0,0,0,0.113
TFIDF_relev,4000,0.001,0.007,0,0,0,0.153
TFIDF_week,4000,0.001,0.009,0,0,0,0.234
TFIDF_match,4000,0,0.005,0,0,0,0.113
TFIDF_radio,4000,0.001,0.01,0,0,0,0.221
TFIDF_andor,4000,0,0.005,0,0,0,0.164
TFIDF_focus,4000,0.001,0.006,0,0,0,0.173
TFIDF_behaviour,4000,0,0.005,0,0,0,0.154
TFIDF_balsamiq,4000,0.001,0.009,0,0,0,0.406
TFIDF_describ,4000,0.001,0.005,0,0,0,0.085
TFIDF_arrow,4000,0.001,0.011,0,0,0,0.382
TFIDF_huge,4000,0.001,0.006,0,0,0,0.193
TFIDF_grid,4000,0.001,0.01,0,0,0,0.239
TFIDF_convei,4000,0.001,0.006,0,0,0,0.17
TFIDF_bui,4000,0.001,0.008,0,0,0,0.172
TFIDF_fail,4000,0,0.005,0,0,0,0.139
TFIDF_welcom,4000,0.001,0.006,0,0,0,0.194
TFIDF_couldnt,4000,0.001,0.008,0,0,0,0.33
TFIDF_forc,4000,0.001,0.006,0,0,0,0.145
TFIDF_larger,4000,0,0.004,0,0,0,0.082
TFIDF_nav,4000,0,0.008,0,0,0,0.347
TFIDF_els,4000,0.001,0.008,0,0,0,0.169
TFIDF_rang,4000,0.001,0.008,0,0,0,0.174
TFIDF_sometim,4000,0.001,0.008,0,0,0,0.15
TFIDF_month,4000,0.001,0.011,0,0,0,0.301
TFIDF_identifi,4000,0.001,0.006,0,0,0,0.128
TFIDF_miss,4000,0.001,0.005,0,0,0,0.125
TFIDF_none,4000,0,0.005,0,0,0,0.14
TFIDF_correct,4000,0.001,0.006,0,0,0,0.142
TFIDF_visit,4000,0.001,0.008,0,0,0,0.269
TFIDF_avoid,4000,0.001,0.008,0,0,0,0.194
TFIDF_on,4000,0.001,0.007,0,0,0,0.154
TFIDF_price,4000,0.001,0.012,0,0,0,0.324
TFIDF_digit,4000,0,0.006,0,0,0,0.117
TFIDF_human,4000,0.001,0.008,0,0,0,0.265
TFIDF_attempt,4000,0,0.006,0,0,0,0.241
TFIDF_compon,4000,0.001,0.01,0,0,0,0.43
TFIDF_forward,4000,0.001,0.006,0,0,0,0.222
TFIDF_tradit,4000,0.001,0.006,0,0,0,0.166
TFIDF_scale,4000,0.001,0.007,0,0,0,0.194
TFIDF_center,4000,0.001,0.006,0,0,0,0.119
TFIDF_align,4000,0.001,0.013,0,0,0,0.362
TFIDF_hit,4000,0.001,0.006,0,0,0,0.151
TFIDF_definit,4000,0.001,0.006,0,0,0,0.17
TFIDF_readabl,4000,0.001,0.012,0,0,0,0.278
TFIDF_neg,4000,0.001,0.006,0,0,0,0.162
TFIDF_intern,4000,0.001,0.007,0,0,0,0.175
TFIDF_chart,4000,0.001,0.01,0,0,0,0.266
TFIDF_prototyp,4000,0.001,0.016,0,0,0,0.524
TFIDF_home,4000,0.001,0.008,0,0,0,0.211
TFIDF_local,4000,0.001,0.007,0,0,0,0.163
TFIDF_expert,4000,0.001,0.007,0,0,0,0.221
TFIDF_love,4000,0.001,0.008,0,0,0,0.261
TFIDF_confirm,4000,0.001,0.009,0,0,0,0.206
TFIDF_fine,4000,0,0.005,0,0,0,0.099
TFIDF_sound,4000,0.001,0.008,0,0,0,0.335
TFIDF_return,4000,0.001,0.007,0,0,0,0.161
TFIDF_minut,4000,0,0.006,0,0,0,0.228
TFIDF_hour,4000,0,0.006,0,0,0,0.173
TFIDF_put,4000,0.001,0.008,0,0,0,0.303
TFIDF_parent,4000,0.001,0.008,0,0,0,0.291
TFIDF_explor,4000,0,0.006,0,0,0,0.196
TFIDF_impact,4000,0,0.005,0,0,0,0.172
TFIDF_automat,4000,0.001,0.008,0,0,0,0.255
TFIDF_tablet,4000,0.001,0.012,0,0,0,0.304
TFIDF_tap,4000,0.001,0.008,0,0,0,0.209
TFIDF_server,4000,0.001,0.007,0,0,0,0.197
TFIDF_popular,4000,0.001,0.008,0,0,0,0.19
TFIDF_nativ,4000,0.001,0.007,0,0,0,0.241
TFIDF_occur,4000,0.001,0.009,0,0,0,0.491
TFIDF_receiv,4000,0.001,0.006,0,0,0,0.194
TFIDF_survei,4000,0.001,0.008,0,0,0,0.208
TFIDF_desir,4000,0,0.003,0,0,0,0.077
TFIDF_wirefram,4000,0.002,0.013,0,0,0,0.41
TFIDF_explain,4000,0.001,0.007,0,0,0,0.155
TFIDF_goal,4000,0.001,0.006,0,0,0,0.119
TFIDF_assign,4000,0.001,0.008,0,0,0,0.236
TFIDF_statu,4000,0.001,0.007,0,0,0,0.233
TFIDF_sai,4000,0.001,0.006,0,0,0,0.132
TFIDF_section,4000,0.001,0.01,0,0,0,0.195
TFIDF_factor,4000,0.001,0.01,0,0,0,0.399
TFIDF_challeng,4000,0.001,0.006,0,0,0,0.13
TFIDF_accord,4000,0,0.005,0,0,0,0.145
TFIDF_land,4000,0,0.006,0,0,0,0.224
TFIDF_achiev,4000,0.001,0.006,0,0,0,0.232
TFIDF_propos,4000,0.001,0.009,0,0,0,0.475
TFIDF_give,4000,0,0.006,0,0,0,0.156
TFIDF_slide,4000,0.001,0.009,0,0,0,0.222
TFIDF_care,4000,0.001,0.008,0,0,0,0.278
TFIDF_homepag,4000,0.001,0.01,0,0,0,0.286
TFIDF_review,4000,0.001,0.009,0,0,0,0.242
TFIDF_blue,4000,0.001,0.008,0,0,0,0.254
TFIDF_concept,4000,0.001,0.007,0,0,0,0.155
TFIDF_card,4000,0.001,0.009,0,0,0,0.172
TFIDF_materi,4000,0,0.004,0,0,0,0.107
TFIDF_purchas,4000,0.001,0.007,0,0,0,0.204
TFIDF_comput,4000,0.001,0.009,0,0,0,0.235
TFIDF_shouldnt,4000,0,0.004,0,0,0,0.142
TFIDF_sent,4000,0,0.004,0,0,0,0.117
TFIDF_attent,4000,0.001,0.007,0,0,0,0.195
TFIDF_find,4000,0.001,0.006,0,0,0,0.166
TFIDF_light,4000,0.001,0.006,0,0,0,0.161
TFIDF_insight,4000,0.001,0.007,0,0,0,0.178
TFIDF_natur,4000,0.001,0.006,0,0,0,0.129
TFIDF_cover,4000,0,0.005,0,0,0,0.16
TFIDF_compar,4000,0.001,0.008,0,0,0,0.259
TFIDF_illustr,4000,0.001,0.008,0,0,0,0.271
TFIDF_uniqu,4000,0,0.006,0,0,0,0.27
TFIDF_slider,4000,0.001,0.009,0,0,0,0.199
TFIDF_friendli,4000,0.001,0.007,0,0,0,0.226
TFIDF_modifi,4000,0,0.005,0,0,0,0.198
TFIDF_essenti,4000,0,0.004,0,0,0,0.092
TFIDF_network,4000,0.001,0.007,0,0,0,0.143
TFIDF_block,4000,0,0.007,0,0,0,0.237
TFIDF_bmml,4000,0.001,0.007,0,0,0,0.11
